{
  "baseline_metrics": {
    "accuracy": 0.8020477815699659,
    "precision": 0.8596491228070176,
    "recall": 0.8828828828828829,
    "f1": 0.8711111111111111,
    "roc_auc": 0.8587742672249714
  },
  "thresholds_summary": {
    "best_f1_threshold": 0.2858156530814096,
    "best_f1": 0.8997955010219991,
    "best_precision": 0.8239700374531835,
    "best_recall": 0.990990990990991,
    "roc_auc": 0.8587742672249714,
    "best_candidate_with_negrec>=0.45": {
      "threshold": 0.40064609274604424,
      "f1": 0.8907922912200579,
      "precision": 0.8489795918367347,
      "recall_pos": 0.9369369369369369,
      "recall_neg": 0.4647887323943662
    }
  }
}